run,energy,resolution_uncalib,resolution_uncalib_err,resolution_calib,resolution_calib_err
20,2.56713,0.05044,2.64005,0.05045
30,1.87319,0.05030,1.81499,0.05034
40,1.43575,0.05017,1.41998,0.05020
60,0.92804,0.05011,0.90096,0.05013
80,0.79072,0.05006,0.73290,0.05006
100,0.65601,0.05005,0.62787,0.05005
120,0.71967,0.05005,0.68749,0.05004
150,0.80540,0.05010,0.79942,0.05006
175,0.70507,0.05005,0.66054,0.05006
225,0.57563,0.05003,0.53986,0.05003
250,0.55674,0.05004,0.51806,0.05004
